{
  "seeds": [
    42,
    43,
    44,
    45,
    46
  ],
  "stats": {
    "KMeans": {
      "ari": {
        "mean": 0.5598928531786458,
        "std": 0.001132645486294983
      },
      "sc": {
        "mean": 0.4530798296431229,
        "std": 0.0007205095871871783
      },
      "dbi": {
        "mean": 0.7896048707044828,
        "std": 0.0007621159563134673
      },
      "csr": {
        "mean": 0.7760839160839161,
        "std": 0.08875573402195555
      }
    },
    "Spectral": {
      "ari": {
        "mean": 0.47355642382934554,
        "std": 0.01089635783738251
      },
      "sc": {
        "mean": 0.2729807651459329,
        "std": 0.023465971405079198
      },
      "dbi": {
        "mean": 1.112272626749179,
        "std": 0.055750047759294534
      },
      "csr": {
        "mean": 0.7893986013986014,
        "std": 0.04654720276437178
      }
    },
    "Time2Graph": {
      "ari": {
        "mean": 0.2319676895449739,
        "std": 0.014196003174828671
      },
      "sc": {
        "mean": 0.17975401215316916,
        "std": 0.0022234713304558704
      },
      "dbi": {
        "mean": 3.3662755450844757,
        "std": 0.30037321317870774
      },
      "csr": {
        "mean": 0.7791608391608392,
        "std": 0.03248827923937861
      }
    },
    "EvolveGCN": {
      "ari": {
        "mean": 0.6163284914172056,
        "std": 0.06935495807896704
      },
      "sc": {
        "mean": 0.40111226643451586,
        "std": 0.01356975742671469
      },
      "dbi": {
        "mean": 0.960522179893819,
        "std": 0.03894267625149955
      },
      "csr": {
        "mean": 0.5587692307692308,
        "std": 0.03583765918737054
      }
    }
  }
}