{
  "seeds": [
    42,
    43,
    44,
    45,
    46
  ],
  "stats": {
    "KMeans": {
      "ari": {
        "mean": 0.9131301391454066,
        "std": 0.0008890206225211693
      },
      "sc": {
        "mean": 0.5915943354046528,
        "std": 0.00011986196653292735
      },
      "dbi": {
        "mean": 0.5630138519448458,
        "std": 0.0003862989309117007
      },
      "csr": {
        "mean": 0.7007636363636364,
        "std": 0.09787652197395967
      }
    },
    "Spectral": {
      "ari": {
        "mean": 0.5117952941386822,
        "std": 0.04422554935749871
      },
      "sc": {
        "mean": 0.1946086623373012,
        "std": 0.043183684938986326
      },
      "dbi": {
        "mean": 1.2606012862053562,
        "std": 0.08649802688221322
      },
      "csr": {
        "mean": 0.838981818181818,
        "std": 0.043907731957137486
      }
    },
    "Time2Graph": {
      "ari": {
        "mean": 0.4832740086664152,
        "std": 0.02812605133215136
      },
      "sc": {
        "mean": 0.33884264815902243,
        "std": 0.008417679006449678
      },
      "dbi": {
        "mean": 1.7361449098432349,
        "std": 0.11219474041654419
      },
      "csr": {
        "mean": 0.7049454545454545,
        "std": 0.054381255885971785
      }
    },
    "EvolveGCN": {
      "ari": {
        "mean": 0.900937045648098,
        "std": 0.01670690246766769
      },
      "sc": {
        "mean": 0.579214448066877,
        "std": 0.007899606929122725
      },
      "dbi": {
        "mean": 0.5851663275995398,
        "std": 0.01337839902887438
      },
      "csr": {
        "mean": 0.28883636363636367,
        "std": 0.0956523733575159
      }
    }
  }
}