{
  "seeds": [
    42,
    43,
    44,
    45,
    46
  ],
  "stats": {
    "KMeans": {
      "ari": {
        "mean": 0.4551726237106905,
        "std": 0.001957278275387541
      },
      "sc": {
        "mean": 0.414884031006968,
        "std": 0.0002897880950783956
      },
      "dbi": {
        "mean": 0.9414534950160274,
        "std": 0.0011881323505157145
      },
      "csr": {
        "mean": 0.7950681818181818,
        "std": 0.0396501096889669
      }
    },
    "Spectral": {
      "ari": {
        "mean": 0.5071753536745813,
        "std": 0.0121406648474767
      },
      "sc": {
        "mean": 0.32889324469665954,
        "std": 0.008624119683868245
      },
      "dbi": {
        "mean": 1.0946772840022347,
        "std": 0.028764869668278795
      },
      "csr": {
        "mean": 0.7926363636363637,
        "std": 0.057724158827969885
      }
    },
    "Time2Graph": {
      "ari": {
        "mean": 0.18405997742892247,
        "std": 0.010593818238987212
      },
      "sc": {
        "mean": 0.16879706902076827,
        "std": 0.009104757470176854
      },
      "dbi": {
        "mean": 3.541438632145218,
        "std": 0.41368457781833756
      },
      "csr": {
        "mean": 0.7698863636363635,
        "std": 0.029012322830705196
      }
    },
    "EvolveGCN": {
      "ari": {
        "mean": 0.4447420032562606,
        "std": 0.02768096895014945
      },
      "sc": {
        "mean": 0.38647878663170543,
        "std": 0.020423871576721615
      },
      "dbi": {
        "mean": 1.007469897856724,
        "std": 0.06713390443822569
      },
      "csr": {
        "mean": 0.6072272727272727,
        "std": 0.04068376074590147
      }
    }
  }
}