{
  "seeds": [
    42,
    43,
    44,
    45,
    46
  ],
  "stats": {
    "KMeans": {
      "ari": {
        "mean": 0.595736160296791,
        "std": 0.01310620061487642
      },
      "sc": {
        "mean": 0.38607762319366523,
        "std": 0.0008716960846760448
      },
      "dbi": {
        "mean": 0.9868404271195225,
        "std": 0.008063375133936538
      },
      "csr": {
        "mean": 0.86525,
        "std": 0.034815585590364566
      }
    },
    "Spectral": {
      "ari": {
        "mean": 0.745571291698214,
        "std": 0.036492629258801305
      },
      "sc": {
        "mean": 0.3043506602939626,
        "std": 0.01570936793020838
      },
      "dbi": {
        "mean": 1.1870448446722826,
        "std": 0.07558635004401174
      },
      "csr": {
        "mean": 0.8515,
        "std": 0.08247120709678016
      }
    },
    "Time2Graph": {
      "ari": {
        "mean": 0.22224660777194022,
        "std": 0.05462771312013611
      },
      "sc": {
        "mean": 0.1188206402529639,
        "std": 0.01380277264403603
      },
      "dbi": {
        "mean": 3.9168160124673093,
        "std": 0.3403848998542495
      },
      "csr": {
        "mean": 0.8200000000000001,
        "std": 0.02664582518894845
      }
    },
    "EvolveGCN": {
      "ari": {
        "mean": 0.5822808987183895,
        "std": 0.04426020267419918
      },
      "sc": {
        "mean": 0.3082740273861787,
        "std": 0.03616083490758493
      },
      "dbi": {
        "mean": 1.2103370585719182,
        "std": 0.13581167407149553
      },
      "csr": {
        "mean": 0.7807499999999999,
        "std": 0.08699712638932391
      }
    }
  }
}