{
  "generated_at": "2026-02-21T01:57:04.508608+00:00",
  "csv": "Sichuan2024_Experiments/results\\results_20260221_095704.csv",
  "results": {
    "dynec": {
      "City-B": {
        "ari": {
          "mean": 0.7611869886892362,
          "std": 0.09534575369016267,
          "n": 36
        },
        "silhouette": {
          "mean": 0.6255679653227258,
          "std": 0.04190543161688221,
          "n": 36
        },
        "dbi": {
          "mean": 0.5009049061791464,
          "std": 0.08529095198981766,
          "n": 36
        },
        "csr": {
          "mean": 0.04066666666666667,
          "std": 0.07422039252568438,
          "n": 33
        },
        "ts": {
          "mean": 0.009765163623228946,
          "std": 0.02241708881681591,
          "n": 33
        }
      }
    }
  },
  "by_period": {
    "dynec": {
      "City-B": {
        "2024-01": {
          "ari": {
            "mean": 0.8312996989331961,
            "std": 0.10569135081338939,
            "n": 3
          },
          "silhouette": {
            "mean": 0.6412280721589657,
            "std": 0.022057845206472797,
            "n": 3
          },
          "dbi": {
            "mean": 0.46980473309906157,
            "std": 0.0600019737104474,
            "n": 3
          },
          "csr": {
            "mean": null,
            "std": null,
            "n": 0
          },
          "ts": {
            "mean": null,
            "std": null,
            "n": 0
          }
        },
        "2024-02": {
          "ari": {
            "mean": 0.8257957223582827,
            "std": 0.10480757387055924,
            "n": 3
          },
          "silhouette": {
            "mean": 0.6555142363946,
            "std": 0.02663922332504595,
            "n": 3
          },
          "dbi": {
            "mean": 0.4553738721657486,
            "std": 0.06986498727398222,
            "n": 3
          },
          "csr": {
            "mean": 0.007333333333333333,
            "std": 0.002309401076758503,
            "n": 3
          },
          "ts": {
            "mean": 0.012147674935823758,
            "std": 0.00143206918727209,
            "n": 3
          }
        },
        "2024-03": {
          "ari": {
            "mean": 0.8209520732085219,
            "std": 0.1012330852297672,
            "n": 3
          },
          "silhouette": {
            "mean": 0.6447022541075701,
            "std": 0.024161234218466564,
            "n": 3
          },
          "dbi": {
            "mean": 0.47152807020444937,
            "std": 0.07301897459888712,
            "n": 3
          },
          "csr": {
            "mean": 0.005333333333333333,
            "std": 0.002309401076758503,
            "n": 3
          },
          "ts": {
            "mean": 0.0030667648734570892,
            "std": 0.000571116875497919,
            "n": 3
          }
        },
        "2024-04": {
          "ari": {
            "mean": 0.8029959702885737,
            "std": 0.10370489953159366,
            "n": 3
          },
          "silhouette": {
            "mean": 0.6421107466264019,
            "std": 0.04455736638205973,
            "n": 3
          },
          "dbi": {
            "mean": 0.4684897618156605,
            "std": 0.08586898638856133,
            "n": 3
          },
          "csr": {
            "mean": 0.014666666666666666,
            "std": 0.00808290376865476,
            "n": 3
          },
          "ts": {
            "mean": 0.006080125338104796,
            "std": 0.0009347685444178115,
            "n": 3
          }
        },
        "2024-05": {
          "ari": {
            "mean": 0.7747301914433004,
            "std": 0.10186982230656128,
            "n": 3
          },
          "silhouette": {
            "mean": 0.6361402486989202,
            "std": 0.05790122140547246,
            "n": 3
          },
          "dbi": {
            "mean": 0.4949742326529117,
            "std": 0.12739986979494997,
            "n": 3
          },
          "csr": {
            "mean": 0.012000000000000002,
            "std": 0.0069282032302755096,
            "n": 3
          },
          "ts": {
            "mean": 0.0032524466800797087,
            "std": 0.0004811974213868454,
            "n": 3
          }
        },
        "2024-06": {
          "ari": {
            "mean": 0.7628627496538857,
            "std": 0.09565867189287461,
            "n": 3
          },
          "silhouette": {
            "mean": 0.6385510167876299,
            "std": 0.034305486121378924,
            "n": 3
          },
          "dbi": {
            "mean": 0.4906005763198508,
            "std": 0.085952796667852,
            "n": 3
          },
          "csr": {
            "mean": 0.008666666666666666,
            "std": 0.00808290376865476,
            "n": 3
          },
          "ts": {
            "mean": 0.001175868198787047,
            "std": 0.00013144305274608516,
            "n": 3
          }
        },
        "2024-07": {
          "ari": {
            "mean": 0.7451038492155752,
            "std": 0.10656621364258596,
            "n": 3
          },
          "silhouette": {
            "mean": 0.5785047903357453,
            "std": 0.036805996606248094,
            "n": 3
          },
          "dbi": {
            "mean": 0.532910845818693,
            "std": 0.11506256271289501,
            "n": 3
          },
          "csr": {
            "mean": 0.09000000000000001,
            "std": 0.14202816622064793,
            "n": 3
          },
          "ts": {
            "mean": 0.005290389903819942,
            "std": 0.0003311240788376531,
            "n": 3
          }
        },
        "2024-08": {
          "ari": {
            "mean": 0.725772595380379,
            "std": 0.08488020793951852,
            "n": 3
          },
          "silhouette": {
            "mean": 0.5988263706452842,
            "std": 0.04063812450546728,
            "n": 3
          },
          "dbi": {
            "mean": 0.5249166723236064,
            "std": 0.0918341632802431,
            "n": 3
          },
          "csr": {
            "mean": 0.02266666666666667,
            "std": 0.018475208614068022,
            "n": 3
          },
          "ts": {
            "mean": 0.005230344975361898,
            "std": 0.0006535347231796685,
            "n": 3
          }
        },
        "2024-09": {
          "ari": {
            "mean": 0.7196623447618936,
            "std": 0.09909907974151153,
            "n": 3
          },
          "silhouette": {
            "mean": 0.6150125396594692,
            "std": 0.03769047869132073,
            "n": 3
          },
          "dbi": {
            "mean": 0.574675756054666,
            "std": 0.06788752461588066,
            "n": 3
          },
          "csr": {
            "mean": 0.09800000000000002,
            "std": 0.14202816622064793,
            "n": 3
          },
          "ts": {
            "mean": 0.015315340229495239,
            "std": 0.00574080300135771,
            "n": 3
          }
        },
        "2024-10": {
          "ari": {
            "mean": 0.7076195781380585,
            "std": 0.09506911636994088,
            "n": 3
          },
          "silhouette": {
            "mean": 0.6395933585051128,
            "std": 0.03007998186128723,
            "n": 3
          },
          "dbi": {
            "mean": 0.5058142928200507,
            "std": 0.08573733750243637,
            "n": 3
          },
          "csr": {
            "mean": 0.09599999999999999,
            "std": 0.13509996299037244,
            "n": 3
          },
          "ts": {
            "mean": 0.0034545731433440834,
            "std": 0.0007658807689289568,
            "n": 3
          }
        },
        "2024-11": {
          "ari": {
            "mean": 0.7151694072459338,
            "std": 0.09266118296986343,
            "n": 3
          },
          "silhouette": {
            "mean": 0.63074776010821,