{
  "generated_at": "2026-02-17T13:27:22.947630+00:00",
  "csv": "Sichuan2024_Experiments\\results\\results_20260217_212722.csv",
  "results": {
    "kmeans": {
      "City-A": {
        "ari": {
          "mean": 0.3004066159355911,
          "std": 0.10661757491170741,
          "n": 12
        },
        "silhouette": {
          "mean": 0.39881231699463915,
          "std": 0.011645823795822897,
          "n": 12
        },
        "dbi": {
          "mean": 0.9591231563015672,
          "std": 0.08513479140644827,
          "n": 12
        },
        "csr": {
          "mean": 0.24181818181818182,
          "std": 0.2050795300276545,
          "n": 11
        },
        "ts": {
          "mean": 2.0034651016232647,
          "std": 1.699085148926604,
          "n": 11
        }
      },
      "City-B": {
        "ari": {
          "mean": 0.4834422921773773,
          "std": 0.10804598056591956,
          "n": 12
        },
        "silhouette": {
          "mean": 0.5680115020639888,
          "std": 0.04409230716254127,
          "n": 12
        },
        "dbi": {
          "mean": 0.7005864185087449,
          "std": 0.04999724250257368,
          "n": 12
        },
        "csr": {
          "mean": 0.09745454545454546,
          "std": 0.1260320305607774,
          "n": 11
        },
        "ts": {
          "mean": 0.8074114996015562,
          "std": 1.0441761368675098,
          "n": 11
        }
      },
      "City-C": {
        "ari": {
          "mean": 0.368273698129906,
          "std": 0.08990647061495333,
          "n": 12
        },
        "silhouette": {
          "mean": 0.43912253715269634,
          "std": 0.04027692466295223,
          "n": 12
        },
        "dbi": {
          "mean": 0.8889866401338699,
          "std": 0.04388007944133328,
          "n": 12
        },
        "csr": {
          "mean": 0.13664335664335664,
          "std": 0.20110089690738664,
          "n": 11
        },
        "ts": {
          "mean": 1.1320910377593576,
          "std": 1.666122149417277,
          "n": 11
        }
      }
    }
  }
}