{
  "generated_at": "2026-02-21T01:50:11.783688+00:00",
  "csv": "Sichuan2024_Experiments/results\\results_20260221_095011.csv",
  "results": {
    "dynec": {
      "City-C": {
        "ari": {
          "mean": 0.7785907196554446,
          "std": 0.1385895722514516,
          "n": 36
        },
        "silhouette": {
          "mean": 0.7393217764165964,
          "std": 0.018765119649794833,
          "n": 36
        },
        "dbi": {
          "mean": 0.3563747698911073,
          "std": 0.029252976495751114,
          "n": 36
        },
        "csr": {
          "mean": 0.0064335664335664336,
          "std": 0.0023850665036857497,
          "n": 33
        },
        "ts": {
          "mean": 0.006997674039696406,
          "std": 0.0040976545987345455,
          "n": 33
        }
      }
    }
  },
  "by_period": {
    "dynec": {
      "City-C": {
        "2024-01": {
          "ari": {
            "mean": 0.984299707448399,
            "std": 0.0,
            "n": 3
          },
          "silhouette": {
            "mean": 0.7323755343380908,
            "std": 0.00550449448158713,
            "n": 3
          },
          "dbi": {
            "mean": 0.3737427820165065,
            "std": 0.009782134598843355,
            "n": 3
          },
          "csr": {
            "mean": null,
            "std": null,
            "n": 0
          },
          "ts": {
            "mean": null,
            "std": null,
            "n": 0
          }
        },
        "2024-02": {
          "ari": {
            "mean": 0.9883293508775121,
            "std": 0.0,
            "n": 3
          },
          "silhouette": {
            "mean": 0.7431030270961125,
            "std": 0.015424309778732555,
            "n": 3
          },
          "dbi": {
            "mean": 0.34564047546719695,
            "std": 0.01497643209786854,
            "n": 3
          },
          "csr": {
            "mean": 0.0015384615384615382,
            "std": 2.655742100606481e-19,
            "n": 3
          },
          "ts": {
            "mean": 0.009541438286236667,
            "std": 3.334887004912223e-08,
            "n": 3
          }
        },
        "2024-03": {
          "ari": {
            "mean": 0.94974156669406,
            "std": 0.0,
            "n": 3
          },
          "silhouette": {
            "mean": 0.7586315450087621,
            "std": 0.008303075101787686,
            "n": 3
          },
          "dbi": {
            "mean": 0.3294033718572947,
            "std": 0.007631261131567174,
            "n": 3
          },
          "csr": {
            "mean": 0.004615384615384616,
            "std": 0.0,
            "n": 3
          },
          "ts": {
            "mean": 0.00610754570780073,
            "std": 3.047060156590409e-10,
            "n": 3
          }
        },
        "2024-04": {
          "ari": {
            "mean": 0.8832143179592348,
            "std": 0.0,
            "n": 3
          },
          "silhouette": {
            "mean": 0.7626030388028412,
            "std": 0.0054701444050339835,
            "n": 3
          },
          "dbi": {
            "mean": 0.32601837669231376,
            "std": 0.009246249632660516,
            "n": 3
          },
          "csr": {
            "mean": 0.006153846153846153,
            "std": 1.0622968402425924e-18,
            "n": 3
          },
          "ts": {
            "mean": 0.0069804394412895454,
            "std": 6.687952716249103e-11,
            "n": 3
          }
        },
        "2024-05": {
          "ari": {
            "mean": 0.8294168161517045,
            "std": 0.0,
            "n": 3
          },
          "silhouette": {
            "mean": 0.74425020726894,
            "std": 0.02221019642128378,
            "n": 3
          },
          "dbi": {
            "mean": 0.34723605331796525,
            "std": 0.030870172171128873,
            "n": 3
          },
          "csr": {
            "mean": 0.010769230769230769,
            "std": 0.0,
            "n": 3
          },
          "ts": {
            "mean": 0.016451468882164377,
            "std": 2.727942186772215e-11,
            "n": 3
          }
        },
        "2024-06": {
          "ari": {
            "mean": 0.76856879292518,
            "std": 0.0,
            "n": 3
          },
          "silhouette": {
            "mean": 0.7556491808934037,
            "std": 0.014451541274763027,
            "n": 3
          },
          "dbi": {
            "mean": 0.3245051344601269,
            "std": 0.01717388486979251,
            "n": 3
          },
          "csr": {
            "mean": 0.004615384615384616,
            "std": 0.0,
            "n": 3
          },
          "ts": {
            "mean": 0.00983964277721929,
            "std": 5.577501964509568e-12,
            "n": 3
          }
        },
        "2024-07": {
          "ari": {
            "mean": 0.7209695539308986,
            "std": 0.0,
            "n": 3
          },
          "silhouette": {
            "mean": 0.7069884048673639,
            "std": 0.012015912632005875,
            "n": 3
          },
          "dbi": {
            "mean": 0.40480551488613087,
            "std": 0.02443444930830334,
            "n": 3
          },
          "csr": {
            "mean": 0.007692307692307693,
            "std": 0.0,
            "n": 3
          },
          "ts": {
            "mean": 0.00916899285425454,
            "std": 1.4831591801014884e-12,
            "n": 3
          }
        },
        "2024-08": {
          "ari": {
            "mean": 0.6640781090509154,
            "std": 0.0,
            "n": 3
          },
          "silhouette": {
            "mean": 0.7123592488569034,
            "std": 0.009916064267006862,
            "n": 3
          },
          "dbi": {
            "mean": 0.3994234050161302,
            "std": 0.01398405689119268,
            "n": 3
          },
          "csr": {
            "mean": 0.007692307692307693,
            "std": 0.0,
            "n": 3
          },
          "ts": {
            "mean": 0.002860763953601145,
            "std": 3.0511638114143083e-13,
            "n": 3
          }
        },
        "2024-09": {
          "ari": {
            "mean": 0.6430954168493185,
            "std": 0.0,
            "n": 3
          },
          "silhouette": {
            "mean": 0.7360996538011344,
            "std": 0.008480187749702947,
            "n": 3
          },
          "dbi": {
            "mean": 0.3604187456674806,
            "std": 0.0031176582495025546,
            "n": 3
          },
          "csr": {
            "mean": 0.007692307692307693,
            "std": 0.0,
            "n": 3
          },
          "ts": {
            "mean": 0.0074983021110703015,
            "std": 3.6126546821139834e-14,
            "n": 3
          }
        },
        "2024-10": {
          "ari": {
            "mean": 0.637056423748549,
            "std": 0.0,
            "n": 3
          },
          "silhouette": {
            "mean": 0.7410720988567561,
            "std": 0.000989099357191902,
            "n": 3
          },
          "dbi": {
            "mean": 0.3510217626096796,
            "std": 0.009612286974801161,
            "n": 3
          },
          "csr": {
            "mean": 0.007692307692307693,
            "std": 0.0,
            "n": 3
          },
          "ts": {
            "mean": 0.003348124462946658,
            "std": 6.766038147347485e-15,
            "n": 3
          }
        },
        "2024-11": {
          "ari": {
            "mean": 0.6337251433170052,
            "std": 0.0,
            "n": 3
          },
          "silhouette": {
            "mean": 0.7438502207817205,
            "std": 0.011350107740754806,
            "n": 3
          },
          "dbi": {
            "mean": 0.3408985629698502,
            "std": 0.017174666781762413,
            "n": 3
          },