{
  "generated_at": "2026-02-21T02:42:42.230998+00:00",
  "csv": "d:\\项目\\在研\\四川\\论文投稿\\20260217_DynEC\\DynEC\\Sichuan2024_Experiments\\results\\results_20260221_104242.csv",
  "results": {
    "spectral": {
      "City-B": {
        "ari": {
          "mean": 0.5864048467070714,
          "std": 0.29946221878297347,
          "n": 36
        },
        "silhouette": {
          "mean": 0.9960796866385224,
          "std": 0.0037995658618606002,
          "n": 36
        },
        "dbi": {
          "mean": 0.06949306112313375,
          "std": 0.12365594480017014,
          "n": 36
        },
        "csr": {
          "mean": 0.6212727272727272,
          "std": 0.39187906877690537,
          "n": 33
        },
        "ts": {
          "mean": 5.577373471270012,
          "std": 3.5180297254266018,
          "n": 33
        }
      }
    }
  },
  "by_period": {
    "spectral": {
      "City-B": {
        "2024-01": {
          "ari": {
            "mean": 1.0,
            "std": 0.0,
            "n": 3
          },
          "silhouette": {
            "mean": 0.9999957373871314,
            "std": 0.0,
            "n": 3
          },
          "dbi": {
            "mean": 8.49286114200319e-05,
            "std": 2.3473665605268113e-20,
            "n": 3
          },
          "csr": {
            "mean": null,
            "std": null,
            "n": 0
          },
          "ts": {
            "mean": null,
            "std": null,
            "n": 0
          }
        },
        "2024-02": {
          "ari": {
            "mean": 1.0,
            "std": 0.0,
            "n": 3
          },
          "silhouette": {
            "mean": 0.9999999921653518,
            "std": 0.0,
            "n": 3
          },
          "dbi": {
            "mean": 1.4622086941841535e-07,
            "std": 1.871696065287322e-23,
            "n": 3
          },
          "csr": {
            "mean": 0.0,
            "std": 0.0,
            "n": 3
          },
          "ts": {
            "mean": 0.0,
            "std": 0.0,
            "n": 3
          }
        },
        "2024-03": {
          "ari": {
            "mean": 0.9943117068835402,
            "std": 1.3597399555105182e-16,
            "n": 3
          },
          "silhouette": {
            "mean": 0.9999999093768291,
            "std": 1.3597399555105182e-16,
            "n": 3
          },
          "dbi": {
            "mean": 1.2601251001988037e-06,
            "std": 0.0,
            "n": 3
          },
          "csr": {
            "mean": 1.0,
            "std": 0.0,
            "n": 3
          },
          "ts": {
            "mean": 8.977335116179416,
            "std": 0.0,
            "n": 3
          }
        },
        "2024-04": {
          "ari": {
            "mean": 0.9684778367490855,
            "std": 0.0,
            "n": 3
          },
          "silhouette": {
            "mean": 0.9967781446392153,
            "std": 0.0,
            "n": 3
          },
          "dbi": {
            "mean": 0.01459079277836492,
            "std": 0.0,
            "n": 3
          },
          "csr": {
            "mean": 0.714,
            "std": 0.0,
            "n": 3
          },
          "ts": {
            "mean": 6.409817272952104,
            "std": 0.0,
            "n": 3
          }
        },
        "2024-05": {
          "ari": {
            "mean": 0.6207768140392229,
            "std": 0.004070261998283502,
            "n": 3
          },
          "silhouette": {
            "mean": 0.9908006752078311,
            "std": 0.0027780184059950997,
            "n": 3
          },
          "dbi": {
            "mean": 0.17284426327004462,
            "std": 0.24001683013489328,
            "n": 3
          },
          "csr": {
            "mean": 0.9986666666666667,
            "std": 0.0023094010767585054,
            "n": 3
          },
          "ts": {
            "mean": 8.965365336024512,
            "std": 0.020732267383726827,
            "n": 3
          }
        },
        "2024-06": {
          "ari": {
            "mean": 0.34985774038944784,
            "std": 0.0,
            "n": 3
          },
          "silhouette": {
            "mean": 0.9998235477612787,
            "std": 0.0,
            "n": 3
          },
          "dbi": {
            "mean": 0.003130684079826744,
            "std": 4.336808689942018e-19,
            "n": 3
          },
          "csr": {
            "mean": 0.85,
            "std": 0.0,
            "n": 3
          },
          "ts": {
            "mean": 7.630734848752506,
            "std": 1.0877919644084146e-15,
            "n": 3
          }
        },
        "2024-07": {
          "ari": {
            "mean": 0.35115749216800224,
            "std": 6.798699777552591e-17,
            "n": 3
          },
          "silhouette": {
            "mean": 0.9968834090870372,
            "std": 1.3597399555105182e-16,
            "n": 3
          },
          "dbi": {
            "mean": 0.14643633942916948,
            "std": 0.0,
            "n": 3
          },
          "csr": {
            "mean": 0.168,
            "std": 0.0,
            "n": 3
          },
          "ts": {
            "mean": 1.508192299518142,
            "std": 0.0,
            "n": 3
          }
        },
        "2024-08": {
          "ari": {
            "mean": 0.3358997679304023,
            "std": 0.0,
            "n": 3
          },
          "silhouette": {
            "mean": 0.9983890703025261,
            "std": 0.0,
            "n": 3
          },
          "dbi": {
            "mean": 0.009540631890840614,
            "std": 0.0,
            "n": 3
          },
          "csr": {
            "mean": 1.0,
            "std": 0.0,
            "n": 3
          },
          "ts": {
            "mean": 8.977335116179416,
            "std": 0.0,
            "n": 3
          }
        },
        "2024-09": {
          "ari": {
            "mean": 0.33280661517200766,
            "std": 0.003672867612908905,
            "n": 3
          },
          "silhouette": {
            "mean": 0.992345735062686,
            "std": 0.001843118335140373,
            "n": 3
          },
          "dbi": {
            "mean": 0.2372736191648647,
            "std": 0.3118031977714326,
            "n": 3
          },
          "csr": {
            "mean": 0.8666666666666667,
            "std": 0.03233161507461907,
            "n": 3
          },
          "ts": {
            "mean": 7.780357100688828,
            "std": 0.29025174337217297,
            "n": 3
          }
        },
        "2024-10": {
          "ari": {
            "mean": 0.3650126086319429,
            "std": 0.0,
            "n": 3
          },
          "silhouette": {
            "mean": 0.9893399973656328,
            "std": 0.0,
            "n": 3
          },
          "dbi": {
            "mean": 0.08433784087166389,
            "std": 1.6996749443881478e-17,
            "n": 3
          },
          "csr": {
            "mean": 0.9046666666666666,
            "std": 0.0011547005383792527,
            "n": 3
          },
          "ts": {
            "mean": 8.121495835103646,
            "std": 0.010366133691863925,
            "n": 3
          }
        },
        "2024-11": {
          "ari": {
            "mean": 0.35922080715299515,
            "std": 0.0,
            "n": 3
          },
          "silhouette": {
            "mean": 0.9936377206254313,
            "std": 1.3597399555105182e-16,
            "n": 3
          },
          "dbi": {
            "mean": 0.06278923249487994,
            "std": 9.813077866773595e-18,
            "n": 3
          },
          "csr": {
            "mean": 0.18400000000000002,
            "std": 3.3993498887762956e-17,
            "n": 3
          },
          "ts": {
            "mean": 1.6518296613770127,
            "std": 0.0,
            "n": 3
          }
        },