{
  "generated_at": "2026-02-21T02:44:00.373268+00:00",
  "csv": "d:\\项目\\在研\\四川\\论文投稿\\20260217_DynEC\\DynEC\\Sichuan2024_Experiments\\results\\results_20260221_104400.csv",
  "results": {
    "evolvegcn-clus": {
      "City-B": {
        "ari": {
          "mean": 0.8297598205083104,
          "std": 0.1119882357565318,
          "n": 36
        },
        "silhouette": {
          "mean": 0.6558980041111182,
          "std": 0.04610024568902594,
          "n": 36
        },
        "dbi": {
          "mean": 0.43205682002304274,
          "std": 0.10129124393477516,
          "n": 36
        },
        "csr": {
          "mean": 0.19836363636363638,
          "std": 0.17293022765370902,
          "n": 33
        },
        "ts": {
          "mean": 1.780776838500317,
          "std": 1.552452605364543,
          "n": 33
        }
      }
    }
  },
  "by_period": {
    "evolvegcn-clus": {
      "City-B": {
        "2024-01": {
          "ari": {
            "mean": 0.8269727508765841,
            "std": 0.14392712999425683,
            "n": 3
          },
          "silhouette": {
            "mean": 0.6201533753159288,
            "std": 0.04612254486890095,
            "n": 3
          },
          "dbi": {
            "mean": 0.5572327424770231,
            "std": 0.1000714562094878,
            "n": 3
          },
          "csr": {
            "mean": null,
            "std": null,
            "n": 0
          },
          "ts": {
            "mean": null,
            "std": null,
            "n": 0
          }
        },
        "2024-02": {
          "ari": {
            "mean": 0.9190851607850323,
            "std": 0.021952314350660692,
            "n": 3
          },
          "silhouette": {
            "mean": 0.6654936998939063,
            "std": 0.01042703807799591,
            "n": 3
          },
          "dbi": {
            "mean": 0.3844958765966357,
            "std": 0.04445059167912496,
            "n": 3
          },
          "csr": {
            "mean": 0.16066666666666665,
            "std": 0.12816135663035616,
            "n": 3
          },
          "ts": {
            "mean": 1.4423585086661597,
            "std": 1.15054744741489,
            "n": 3
          }
        },
        "2024-03": {
          "ari": {
            "mean": 0.9399848957699873,
            "std": 0.08158261717454734,
            "n": 3
          },
          "silhouette": {
            "mean": 0.6808633871212363,
            "std": 0.013456004712520935,
            "n": 3
          },
          "dbi": {
            "mean": 0.4016947035792846,
            "std": 0.07102484687560018,
            "n": 3
          },
          "csr": {
            "mean": 0.07266666666666667,
            "std": 0.08431686268673269,
            "n": 3
          },
          "ts": {
            "mean": 0.6523530184423709,
            "std": 0.7569407322836832,
            "n": 3
          }
        },
        "2024-04": {
          "ari": {
            "mean": 0.9127594540986345,
            "std": 0.09632552562692917,
            "n": 3
          },
          "silhouette": {
            "mean": 0.6985713869689624,
            "std": 0.07282030557372035,
            "n": 3
          },
          "dbi": {
            "mean": 0.3429822703194941,
            "std": 0.07971291891715937,
            "n": 3
          },
          "csr": {
            "mean": 0.4166666666666667,
            "std": 0.3577839198920674,
            "n": 3
          },
          "ts": {
            "mean": 3.7405562984080905,
            "std": 3.2119461480513807,
            "n": 3
          }
        },
        "2024-05": {
          "ari": {
            "mean": 0.9086221968892328,
            "std": 0.03836117164081073,
            "n": 3
          },
          "silhouette": {
            "mean": 0.6996393542854557,
            "std": 0.01305506025479511,
            "n": 3
          },
          "dbi": {
            "mean": 0.35125040141005154,
            "std": 0.059542900718805226,
            "n": 3
          },
          "csr": {
            "mean": 0.106,
            "std": 0.10219589032832974,
            "n": 3
          },
          "ts": {
            "mean": 0.9515975223150183,
            "std": 0.917446754973735,
            "n": 3
          }
        },
        "2024-06": {
          "ari": {
            "mean": 0.8445344953330257,
            "std": 0.05116765307831264,
            "n": 3
          },
          "silhouette": {
            "mean": 0.6621088019043525,
            "std": 0.040061875336105876,
            "n": 3
          },
          "dbi": {
            "mean": 0.44576944596961426,
            "std": 0.14535812420153993,
            "n": 3
          },
          "csr": {
            "mean": 0.061333333333333344,
            "std": 0.09239769116884541,
            "n": 3
          },
          "ts": {
            "mean": 0.5506098871256709,
            "std": 0.8294850375839766,
            "n": 3
          }
        },
        "2024-07": {
          "ari": {
            "mean": 0.871503949577661,
            "std": 0.03305291595876317,
            "n": 3
          },
          "silhouette": {
            "mean": 0.668083404216587,
            "std": 0.03570803488283903,
            "n": 3
          },
          "dbi": {
            "mean": 0.3829336187885745,
            "std": 0.06236933047828775,
            "n": 3
          },
          "csr": {
            "mean": 0.07866666666666668,
            "std": 0.08227595841637661,
            "n": 3
          },
          "ts": {
            "mean": 0.7062170291394474,
            "std": 0.7386188507086551,
            "n": 3
          }
        },
        "2024-08": {
          "ari": {
            "mean": 0.7003832866950234,
            "std": 0.17120679349807172,
            "n": 3
          },
          "silhouette": {
            "mean": 0.64479379347217,
            "std": 0.03809203231775358,
            "n": 3
          },
          "dbi": {
            "mean": 0.4129656058840691,
            "std": 0.039409402005208545,
            "n": 3
          },
          "csr": {
            "mean": 0.18000000000000002,
            "std": 0.21860466600692674,
            "n": 3
          },
          "ts": {
            "mean": 1.615920320912295,
            "std": 1.9624873447046565,
            "n": 3
          }
        },
        "2024-09": {
          "ari": {
            "mean": 0.7262134195181916,
            "std": 0.1448879935962199,
            "n": 3
          },
          "silhouette": {
            "mean": 0.6383219221100859,
            "std": 0.049216516824442974,
            "n": 3
          },
          "dbi": {
            "mean": 0.4319470048244518,
            "std": 0.07483743986246723,
            "n": 3
          },
          "csr": {
            "mean": 0.3133333333333333,
            "std": 0.051588112325741606,
            "n": 3
          },
          "ts": {
            "mean": 2.8128983364028834,
            "std": 0.46312377235928853,
            "n": 3
          }
        },
        "2024-10": {
          "ari": {
            "mean": 0.794212663486188,
            "std": 0.09021968371831555,
            "n": 3
          },
          "silhouette": {
            "mean": 0.6628845986418245,
            "std": 0.07808393776854053,
            "n": 3
          },
          "dbi": {
            "mean": 0.3826425825946685,
            "std": 0.10271045897329059,
            "n": 3
          },
          "csr": {
            "mean": 0.256,
            "std": 0.05381449618829485,
            "n": 3
          },
          "ts": {
            "mean": 2.29819778974193,
            "std": 0.48311076639068284,
            "n": 3
          }
        },
        "2024-11": {
          "ari": {
            "mean": 0.8021382188143473,
            "std": 0.008373333624793032,
            "n": 3
          },
          "silhouette": {
            "mean": 0.6351687628562681,