{
  "generated_at": "2026-02-21T02:42:31.138583+00:00",
  "csv": "d:\\项目\\在研\\四川\\论文投稿\\20260217_DynEC\\DynEC\\Sichuan2024_Experiments\\results\\results_20260221_104231.csv",
  "results": {
    "kmeans": {
      "City-B": {
        "ari": {
          "mean": 0.7892403685373961,
          "std": 0.12100276063297974,
          "n": 36
        },
        "silhouette": {
          "mean": 0.5689108928263252,
          "std": 0.04569212670140138,
          "n": 36
        },
        "dbi": {
          "mean": 0.6244544486517858,
          "std": 0.11527746634586546,
          "n": 36
        },
        "csr": {
          "mean": 0.18854545454545454,
          "std": 0.11795896821275685,
          "n": 33
        },
        "ts": {
          "mean": 1.692635730086919,
          "std": 1.0589571876046737,
          "n": 33
        }
      }
    }
  },
  "by_period": {
    "kmeans": {
      "City-B": {
        "2024-01": {
          "ari": {
            "mean": 0.8003908492585029,
            "std": 0.19784978336504944,
            "n": 3
          },
          "silhouette": {
            "mean": 0.5717857242638974,
            "std": 0.05007544001293152,
            "n": 3
          },
          "dbi": {
            "mean": 0.5734026057753544,
            "std": 0.05562721627556082,
            "n": 3
          },
          "csr": {
            "mean": null,
            "std": null,
            "n": 0
          },
          "ts": {
            "mean": null,
            "std": null,
            "n": 0
          }
        },
        "2024-02": {
          "ari": {
            "mean": 0.8919218148737137,
            "std": 0.1201009345070329,
            "n": 3
          },
          "silhouette": {
            "mean": 0.5911034645998957,
            "std": 0.08085728145156466,
            "n": 3
          },
          "dbi": {
            "mean": 0.6689516770507075,
            "std": 0.29607391577578474,
            "n": 3
          },
          "csr": {
            "mean": 0.23066666666666666,
            "std": 0.10640175437150147,
            "n": 3
          },
          "ts": {
            "mean": 2.0707719667987186,
            "std": 0.955204205942377,
            "n": 3
          }
        },
        "2024-03": {
          "ari": {
            "mean": 0.7700338938540837,
            "std": 0.1737376620031798,
            "n": 3
          },
          "silhouette": {
            "mean": 0.5869468571803647,
            "std": 0.04853111256645408,
            "n": 3
          },
          "dbi": {
            "mean": 0.5649701489717179,
            "std": 0.06437432979359865,
            "n": 3
          },
          "csr": {
            "mean": 0.2906666666666667,
            "std": 0.059138256089720224,
            "n": 3
          },
          "ts": {
            "mean": 2.6094120737694837,
            "std": 0.5309039431038566,
            "n": 3
          }
        },
        "2024-04": {
          "ari": {
            "mean": 0.9291445419398489,
            "std": 0.0,
            "n": 3
          },
          "silhouette": {
            "mean": 0.6271140717838628,
            "std": 0.0,
            "n": 3
          },
          "dbi": {
            "mean": 0.5028816400610585,
            "std": 7.850462293418876e-17,
            "n": 3
          },
          "csr": {
            "mean": 0.19799999999999998,
            "std": 0.17610224302944014,
            "n": 3
          },
          "ts": {
            "mean": 1.7775123530035242,
            "std": 1.580928850386155,
            "n": 3
          }
        },
        "2024-05": {
          "ari": {
            "mean": 0.7694511513286093,
            "std": 0.12788054908273822,
            "n": 3
          },
          "silhouette": {
            "mean": 0.5499130952207705,
            "std": 0.06515177217249739,
            "n": 3
          },
          "dbi": {
            "mean": 0.6555077392995764,
            "std": 0.12687514305594927,
            "n": 3
          },
          "csr": {
            "mean": 0.16733333333333333,
            "std": 0.16302556036810098,
            "n": 3
          },
          "ts": {
            "mean": 1.502207409440689,
            "std": 1.4635350879273803,
            "n": 3
          }
        },
        "2024-06": {
          "ari": {
            "mean": 0.8159728943432792,
            "std": 0.058606530558542716,
            "n": 3
          },
          "silhouette": {
            "mean": 0.5570953258459178,
            "std": 0.05387792612424415,
            "n": 3
          },
          "dbi": {
            "mean": 0.6195687050742323,
            "std": 0.1256324648076259,
            "n": 3
          },
          "csr": {
            "mean": 0.18466666666666667,
            "std": 0.19618698563700226,
            "n": 3
          },
          "ts": {
            "mean": 1.6578145514544655,
            "std": 1.7612363154964472,
            "n": 3
          }
        },
        "2024-07": {
          "ari": {
            "mean": 0.8557721259312533,
            "std": 0.00023393067834481484,
            "n": 3
          },
          "silhouette": {
            "mean": 0.5827555295524861,
            "std": 0.005293372304024524,
            "n": 3
          },
          "dbi": {
            "mean": 0.5984848641473749,
            "std": 0.0812647961420574,
            "n": 3
          },
          "csr": {
            "mean": 0.09733333333333334,
            "std": 0.09867792728535259,
            "n": 3
          },
          "ts": {
            "mean": 0.8737939513081298,
            "std": 0.8858648218105948,
            "n": 3
          }
        },
        "2024-08": {
          "ari": {
            "mean": 0.6023273694456429,
            "std": 0.08216644540131567,
            "n": 3
          },
          "silhouette": {
            "mean": 0.537306866690225,
            "std": 0.04269725718830598,
            "n": 3
          },
          "dbi": {
            "mean": 0.7011340873769392,
            "std": 0.11280740889809406,
            "n": 3
          },
          "csr": {
            "mean": 0.26066666666666666,
            "std": 0.0613297100379036,
            "n": 3
          },
          "ts": {
            "mean": 2.3400920202841013,
            "std": 0.5505773595883733,
            "n": 3
          }
        },
        "2024-09": {
          "ari": {
            "mean": 0.7006406004587222,
            "std": 0.12825405031988388,
            "n": 3
          },
          "silhouette": {
            "mean": 0.5548364069658686,
            "std": 0.03180001644231681,
            "n": 3
          },
          "dbi": {
            "mean": 0.6571630311459609,
            "std": 0.09753639764814731,
            "n": 3
          },
          "csr": {
            "mean": 0.2026666666666667,
            "std": 0.13306138934091036,
            "n": 3
          },
          "ts": {
            "mean": 1.8194065835456952,
            "std": 1.194536683137776,
            "n": 3
          }
        },
        "2024-10": {
          "ari": {
            "mean": 0.7975815324944362,
            "std": 0.0204092275624535,
            "n": 3
          },
          "silhouette": {
            "mean": 0.5692693133068066,
            "std": 0.03510862796318615,
            "n": 3
          },
          "dbi": {
            "mean": 0.6182228850297086,
            "std": 0.11222744362577149,
            "n": 3
          },
          "csr": {
            "mean": 0.19999999999999998,
            "std": 0.07794870107962029,
            "n": 3
          },
          "ts": {
            "mean": 1.7954670232358836,
            "std": 0.6997716114626479,
            "n": 3
          }
        },
        "2024-11": {
          "ari": {
            "mean": 0.7536774984342541,
            "std": 0.06626307233133948,
            "n": 3
          },
          "silhouette": {
            "mean": 0.5422703263104872,
            "std": 0.050259764357000386,