{
  "generated_at": "2026-02-21T02:42:58.161142+00:00",
  "csv": "d:\\项目\\在研\\四川\\论文投稿\\20260217_DynEC\\DynEC\\Sichuan2024_Experiments\\results\\results_20260221_104258.csv",
  "results": {
    "time2graph": {
      "City-B": {
        "ari": {
          "mean": 0.7981182032607287,
          "std": 0.07919321740001091,
          "n": 36
        },
        "silhouette": {
          "mean": 0.4667486709180309,
          "std": 0.04496307655789091,
          "n": 36
        },
        "dbi": {
          "mean": 0.9434545326693312,
          "std": 0.1157605589101458,
          "n": 36
        },
        "csr": {
          "mean": 0.7076969696969697,
          "std": 0.19015265000264997,
          "n": 33
        },
        "ts": {
          "mean": 6.353232857674367,
          "std": 1.7070640623033642,
          "n": 33
        }
      }
    }
  },
  "by_period": {
    "time2graph": {
      "City-B": {
        "2024-01": {
          "ari": {
            "mean": 0.8012319474024917,
            "std": 0.049832615945849465,
            "n": 3
          },
          "silhouette": {
            "mean": 0.4566089689807542,
            "std": 0.01421015917560455,
            "n": 3
          },
          "dbi": {
            "mean": 0.8707537548648409,
            "std": 0.07597690685977362,
            "n": 3
          },
          "csr": {
            "mean": null,
            "std": null,
            "n": 0
          },
          "ts": {
            "mean": null,
            "std": null,
            "n": 0
          }
        },
        "2024-02": {
          "ari": {
            "mean": 0.8096393902632713,
            "std": 0.10547139395487441,
            "n": 3
          },
          "silhouette": {
            "mean": 0.4869086993609888,
            "std": 0.029109895851788917,
            "n": 3
          },
          "dbi": {
            "mean": 0.9376545497313994,
            "std": 0.11677287381530069,
            "n": 3
          },
          "csr": {
            "mean": 0.8413333333333334,
            "std": 0.07020921117156446,
            "n": 3
          },
          "ts": {
            "mean": 7.552931277745617,
            "std": 0.6302916169297411,
            "n": 3
          }
        },
        "2024-03": {
          "ari": {
            "mean": 0.9287043609242764,
            "std": 0.05467848404238241,
            "n": 3
          },
          "silhouette": {
            "mean": 0.533459219108766,
            "std": 0.08775014790444885,
            "n": 3
          },
          "dbi": {
            "mean": 0.805840435518539,
            "std": 0.09322827798019896,
            "n": 3
          },
          "csr": {
            "mean": 0.6686666666666667,
            "std": 0.14656511635902084,
            "n": 3
          },
          "ts": {
            "mean": 6.002844747685304,
            "std": 1.315764165896761,
            "n": 3
          }
        },
        "2024-04": {
          "ari": {
            "mean": 0.801466732456765,
            "std": 0.05726268559819704,
            "n": 3
          },
          "silhouette": {
            "mean": 0.46739183329454775,
            "std": 0.016091168469012276,
            "n": 3
          },
          "dbi": {
            "mean": 0.8606865767786361,
            "std": 0.11529475567418056,
            "n": 3
          },
          "csr": {
            "mean": 0.7206666666666667,
            "std": 0.23907599907421348,
            "n": 3
          },
          "ts": {
            "mean": 6.469666173726633,
            "std": 2.1462653619246153,
            "n": 3
          }
        },
        "2024-05": {
          "ari": {
            "mean": 0.775559594858518,
            "std": 0.1196988567457165,
            "n": 3
          },
          "silhouette": {
            "mean": 0.45456616336155675,
            "std": 0.05633552387746332,
            "n": 3
          },
          "dbi": {
            "mean": 0.8531086719003657,
            "std": 0.03987606875814076,
            "n": 3
          },
          "csr": {
            "mean": 0.8073333333333332,
            "std": 0.14969747270189077,
            "n": 3
          },
          "ts": {
            "mean": 7.247701883795517,
            "std": 1.3438843784899934,
            "n": 3
          }
        },
        "2024-06": {
          "ari": {
            "mean": 0.7166845400026997,
            "std": 0.06801929165621745,
            "n": 3
          },
          "silhouette": {
            "mean": 0.4522592968616983,
            "std": 0.03146133739768418,
            "n": 3
          },
          "dbi": {
            "mean": 1.0518242692588358,
            "std": 0.14706756731015905,
            "n": 3
          },
          "csr": {
            "mean": 0.786,
            "std": 0.17596590578859306,
            "n": 3
          },
          "ts": {
            "mean": 7.056185401317021,
            "std": 1.579704905286256,
            "n": 3
          }
        },
        "2024-07": {
          "ari": {
            "mean": 0.8592663994837545,
            "std": 0.03909566963043565,
            "n": 3
          },
          "silhouette": {
            "mean": 0.468655988600651,
            "std": 0.010237241392389818,
            "n": 3
          },
          "dbi": {
            "mean": 1.0475379176323096,
            "std": 0.05263035407604064,
            "n": 3
          },
          "csr": {
            "mean": 0.5393333333333333,
            "std": 0.07365686209263421,
            "n": 3
          },
          "ts": {
            "mean": 4.841776072659432,
            "std": 0.6612423346117899,
            "n": 3
          }
        },
        "2024-08": {
          "ari": {
            "mean": 0.7757651261420517,
            "std": 0.06600498512692791,
            "n": 3
          },
          "silhouette": {
            "mean": 0.45678257367584174,
            "std": 0.060532285842288924,
            "n": 3
          },
          "dbi": {
            "mean": 0.9792584810623838,
            "std": 0.13888193742090071,
            "n": 3
          },
          "csr": {
            "mean": 0.7266666666666667,
            "std": 0.19880979184470096,
            "n": 3
          },
          "ts": {
            "mean": 6.52353018442371,
            "std": 1.7847821257677556,
            "n": 3
          }
        },
        "2024-09": {
          "ari": {
            "mean": 0.776937871396081,
            "std": 0.07170686094671369,
            "n": 3
          },
          "silhouette": {
            "mean": 0.4518364995282303,
            "std": 0.013098478713521296,
            "n": 3
          },
          "dbi": {
            "mean": 0.9575407882584269,
            "std": 0.11259216385136626,
            "n": 3
          },
          "csr": {
            "mean": 0.5113333333333333,
            "std": 0.16935564157515784,
            "n": 3
          },
          "ts": {
            "mean": 4.590410689406409,
            "std": 1.520362348235759,
            "n": 3
          }
        },
        "2024-10": {
          "ari": {
            "mean": 0.8151947046773209,
            "std": 0.006125190778547804,
            "n": 3
          },
          "silhouette": {
            "mean": 0.4959894059624794,
            "std": 0.021806411719175,
            "n": 3
          },
          "dbi": {
            "mean": 0.8823180990238318,
            "std": 0.017081970754814317,
            "n": 3
          },
          "csr": {
            "mean": 0.8453333333333332,
            "std": 0.13494196283340976,
            "n": 3
          },
          "ts": {
            "mean": 7.588840618210334,
            "std": 1.211419221590548,
            "n": 3
          }
        },
        "2024-11": {
          "ari": {
            "mean": 0.7867085430261548,
            "std": 0.09194352029153009,
            "n": 3
          },
          "silhouette": {
            "mean": 0.43392141982611165,
            "std": 0.07181284909033553,