{
  "generated_at": "2026-02-21T01:56:51.252249+00:00",
  "csv": "Sichuan2024_Experiments/results\\results_20260221_095651.csv",
  "results": {
    "dynec": {
      "City-A": {
        "ari": {
          "mean": 0.611448827657742,
          "std": 0.15781826837487578,
          "n": 36
        },
        "silhouette": {
          "mean": 0.602005433047878,
          "std": 0.04985031121227781,
          "n": 36
        },
        "dbi": {
          "mean": 0.5833398106522361,
          "std": 0.13649723319570803,
          "n": 36
        },
        "csr": {
          "mean": 0.031325757575757576,
          "std": 0.03044259998652208,
          "n": 33
        },
        "ts": {
          "mean": 0.013937650483639614,
          "std": 0.0365334547504523,
          "n": 33
        }
      }
    }
  },
  "by_period": {
    "dynec": {
      "City-A": {
        "2024-01": {
          "ari": {
            "mean": 0.8118974706440046,
            "std": 0.037691072783370826,
            "n": 3
          },
          "silhouette": {
            "mean": 0.5845287627287705,
            "std": 0.05394072511191583,
            "n": 3
          },
          "dbi": {
            "mean": 0.5092358901205848,
            "std": 0.04638645007383051,
            "n": 3
          },
          "csr": {
            "mean": null,
            "std": null,
            "n": 0
          },
          "ts": {
            "mean": null,
            "std": null,
            "n": 0
          }
        },
        "2024-02": {
          "ari": {
            "mean": 0.8422506680460401,
            "std": 0.03023674118437168,
            "n": 3
          },
          "silhouette": {
            "mean": 0.6835729182411105,
            "std": 0.015656385539074207,
            "n": 3
          },
          "dbi": {
            "mean": 0.4559376215701249,
            "std": 0.07297269872252807,
            "n": 3
          },
          "csr": {
            "mean": 0.04416666666666667,
            "std": 0.0343314117585242,
            "n": 3
          },
          "ts": {
            "mean": 0.0796587320061854,
            "std": 0.11842193843502126,
            "n": 3
          }
        },
        "2024-03": {
          "ari": {
            "mean": 0.8061171545132972,
            "std": 0.01665456319805575,
            "n": 3
          },
          "silhouette": {
            "mean": 0.6501199901025786,
            "std": 0.03496318019093065,
            "n": 3
          },
          "dbi": {
            "mean": 0.5445704928230514,
            "std": 0.20892310180268153,
            "n": 3
          },
          "csr": {
            "mean": 0.016666666666666666,
            "std": 0.001909406539564933,
            "n": 3
          },
          "ts": {
            "mean": 0.003412445923705064,
            "std": 0.0007023003135128437,
            "n": 3
          }
        },
        "2024-04": {
          "ari": {
            "mean": 0.7626514747704575,
            "std": 0.007202715535139901,
            "n": 3
          },
          "silhouette": {
            "mean": 0.6404412566884535,
            "std": 0.009975321027211359,
            "n": 3
          },
          "dbi": {
            "mean": 0.5657774052704075,
            "std": 0.18909301236107223,
            "n": 3
          },
          "csr": {
            "mean": 0.022500000000000003,
            "std": 0.005448623679425842,
            "n": 3
          },
          "ts": {
            "mean": 0.010538029802632048,
            "std": 0.001012300654441869,
            "n": 3
          }
        },
        "2024-05": {
          "ari": {
            "mean": 0.6802468921653957,
            "std": 0.015181346028097528,
            "n": 3
          },
          "silhouette": {
            "mean": 0.6380201335024295,
            "std": 0.025271283778635252,
            "n": 3
          },
          "dbi": {
            "mean": 0.5527188830837468,
            "std": 0.17786723553415618,
            "n": 3
          },
          "csr": {
            "mean": 0.025416666666666667,
            "std": 0.007938566201357354,
            "n": 3
          },
          "ts": {
            "mean": 0.010974927481693089,
            "std": 0.0006812360355349533,
            "n": 3
          }
        },
        "2024-06": {
          "ari": {
            "mean": 0.6250475571050503,
            "std": 0.0037234064272550346,
            "n": 3
          },
          "silhouette": {
            "mean": 0.6244720215660381,
            "std": 0.0254806304008674,
            "n": 3
          },
          "dbi": {
            "mean": 0.5849030773644216,
            "std": 0.19893976068346458,
            "n": 3
          },
          "csr": {
            "mean": 0.03375,
            "std": 0.004330127018922191,
            "n": 3
          },
          "ts": {
            "mean": 0.010013109774658241,
            "std": 0.00041334540418151955,
            "n": 3
          }
        },
        "2024-07": {
          "ari": {
            "mean": 0.5391141883709328,
            "std": 0.0016521259310327558,
            "n": 3
          },
          "silhouette": {
            "mean": 0.6205321858330136,
            "std": 0.006628762407013156,
            "n": 3
          },
          "dbi": {
            "mean": 0.5312439204250267,
            "std": 0.06404001329092723,
            "n": 3
          },
          "csr": {
            "mean": 0.03208333333333333,
            "std": 0.013712068893253613,
            "n": 3
          },
          "ts": {
            "mean": 0.009264475177213391,
            "std": 0.0005403622510269895,
            "n": 3
          }
        },
        "2024-08": {
          "ari": {
            "mean": 0.46919578634090064,
            "std": 0.00030396842009988115,
            "n": 3
          },
          "silhouette": {
            "mean": 0.5697634725894652,
            "std": 0.017148157317034705,
            "n": 3
          },
          "dbi": {
            "mean": 0.6542937098862418,
            "std": 0.14440046305317028,
            "n": 3
          },
          "csr": {
            "mean": 0.030833333333333334,
            "std": 0.007216878364870324,
            "n": 3
          },
          "ts": {
            "mean": 0.010612582335460424,
            "std": 0.0020073390182699102,
            "n": 3
          }
        },
        "2024-09": {
          "ari": {
            "mean": 0.4545626051198344,
            "std": 0.0003483852805189023,
            "n": 3
          },
          "silhouette": {
            "mean": 0.5429871124458779,
            "std": 0.02952876664847787,
            "n": 3
          },
          "dbi": {
            "mean": 0.6459631654192532,
            "std": 0.16166407217533238,
            "n": 3
          },
          "csr": {
            "mean": 0.03166666666666667,
            "std": 0.01010362971081845,
            "n": 3
          },
          "ts": {
            "mean": 0.010307255043014016,
            "std": 0.0006299225216601593,
            "n": 3
          }
        },
        "2024-10": {
          "ari": {
            "mean": 0.45052055520262657,
            "std": 0.0047992976666293,
            "n": 3
          },
          "silhouette": {
            "mean": 0.56415306040627,
            "std": 0.010799000591505594,
            "n": 3
          },
          "dbi": {
            "mean": 0.6489211801802452,
            "std": 0.10505468924507487,
            "n": 3
          },
          "csr": {
            "mean": 0.022083333333333333,
            "std": 0.00938194187433142,
            "n": 3
          },
          "ts": {
            "mean": 0.0038579703950785125,
            "std": 0.0006923735142126442,
            "n": 3
          }
        },
        "2024-11": {
          "ari": {
            "mean": 0.44807070705933394,
            "std": 0.003026365768810942,
            "n": 3
          },
          "silhouette": {
            "mean": 0.5413235194635558,