{
  "generated_at": "2026-02-17T10:25:32.872780+00:00",
  "csv": "Sichuan2024_Experiments\\results\\results_20260217_182532.csv",
  "results": {
    "dynec": {
      "City-A": {
        "ari": {
          "mean": 0.6038814910268013,
          "std": 0.15413643943181685,
          "n": 12
        },
        "silhouette": {
          "mean": 0.6064175016406191,
          "std": 0.039050050517408404,
          "n": 12
        },
        "dbi": {
          "mean": 0.515703253061653,
          "std": 0.05509216472215011,
          "n": 12
        },
        "csr": {
          "mean": 0.05875000000000001,
          "std": 0.06498797965777979,
          "n": 11
        },
        "ts": {
          "mean": 0.0005929346269313876,
          "std": 0.0014559597798919903,
          "n": 11
        }
      },
      "City-B": {
        "ari": {
          "mean": 0.8192437775246199,
          "std": 0.05149598553608006,
          "n": 12
        },
        "silhouette": {
          "mean": 0.647290154440712,
          "std": 0.01745956380639689,
          "n": 12
        },
        "dbi": {
          "mean": 0.45582266379754816,
          "std": 0.027141610422260026,
          "n": 12
        },
        "csr": {
          "mean": 0.009818181818181818,
          "std": 0.0047711252722640145,
          "n": 11
        },
        "ts": {
          "mean": 0.0004987564526189988,
          "std": 0.0014003527332795771,
          "n": 11
        }
      },
      "City-C": {
        "ari": {
          "mean": 0.7789950297112958,
          "std": 0.14233341086724347,
          "n": 12
        },
        "silhouette": {
          "mean": 0.7371642349072202,
          "std": 0.01771355645165361,
          "n": 12
        },
        "dbi": {
          "mean": 0.3617198494899716,
          "std": 0.024686553328425714,
          "n": 12
        },
        "csr": {
          "mean": 0.005034965034965035,
          "std": 0.0020744611152715142,
          "n": 11
        },
        "ts": {
          "mean": 3.5941677752923994e-05,
          "std": 4.719111075233273e-05,
          "n": 11
        }
      }
    },
    "kmeans": {
      "City-A": {
        "ari": {
          "mean": 0.3900800020618706,
          "std": 0.10006788539980062,
          "n": 12
        },
        "silhouette": {
          "mean": 0.40882886377692573,
          "std": 0.02005503919639524,
          "n": 12
        },
        "dbi": {
          "mean": 0.9367054049269808,
          "std": 0.04189309594842787,
          "n": 12
        },
        "csr": {
          "mean": 0.2615909090909091,
          "std": 0.06321365286938344,
          "n": 11
        },
        "ts": {
          "mean": 0.05486232959682709,
          "std": 0.012923823885509274,
          "n": 11
        }
      },
      "City-B": {
        "ari": {
          "mean": 0.7383272045696603,
          "std": 0.1545881915963787,
          "n": 12
        },
        "silhouette": {
          "mean": 0.5483929628386431,
          "std": 0.06143447664115106,
          "n": 12
        },
        "dbi": {
          "mean": 0.6179305711841592,
          "std": 0.09711169287884074,
          "n": 12
        },
        "csr": {
          "mean": 0.28527272727272723,
          "std": 0.18182249085802937,
          "n": 11
        },
        "ts": {
          "mean": 0.19991836721006226,
          "std": 0.1455014280053284,
          "n": 11
        }
      },
      "City-C": {
        "ari": {
          "mean": 0.5407243738502147,
          "std": 0.10057005930408787,
          "n": 12
        },
        "silhouette": {
          "mean": 0.4571813322044486,
          "std": 0.025424656338806025,
          "n": 12
        },
        "dbi": {
          "mean": 0.8505111665505517,
          "std": 0.05640216275442503,
          "n": 12
        },
        "csr": {
          "mean": 0.18993006993006994,
          "std": 0.11826629992388757,
          "n": 11
        },
        "ts": {
          "mean": 0.06399472026330603,
          "std": 0.04762402270643508,
          "n": 11
        }
      }
    }
  }
}