{
  "generated_at": "2026-02-17T10:42:59.385912+00:00",
  "csv": "D:\\项目\\在研\\四川\\论文投稿\\202602_DynEC\\Sichuan2024_Experiments\\results\\results_20260217_184259.csv",
  "results": {
    "dynec": {
      "City-A": {
        "ari": {
          "mean": 0.6078047539216591,
          "std": 0.15901821315084214,
          "n": 12
        },
        "silhouette": {
          "mean": 0.6091598541089019,
          "std": 0.04151867727393575,
          "n": 12
        },
        "dbi": {
          "mean": 0.5100198484026741,
          "std": 0.058102129947505576,
          "n": 12
        },
        "csr": {
          "mean": 0.02863636363636364,
          "std": 0.007894906298021873,
          "n": 11
        },
        "ts": {
          "mean": 0.008468140575437011,
          "std": 0.0044989282505552885,
          "n": 11
        }
      },
      "City-B": {
        "ari": {
          "mean": 0.8187265984217954,
          "std": 0.05086928378104221,
          "n": 12
        },
        "silhouette": {
          "mean": 0.6474011376710352,
          "std": 0.01750189406109396,
          "n": 12
        },
        "dbi": {
          "mean": 0.4563610355636785,
          "std": 0.02680287190982091,
          "n": 12
        },
        "csr": {
          "mean": 0.009818181818181818,
          "std": 0.0045126085985421295,
          "n": 11
        },
        "ts": {
          "mean": 0.005882107277386233,
          "std": 0.005225974273900412,
          "n": 11
        }
      },
      "City-C": {
        "ari": {
          "mean": 0.7785907196554445,
          "std": 0.1427274828379415,
          "n": 12
        },
        "silhouette": {
          "mean": 0.7370876347662899,
          "std": 0.017778632398600436,
          "n": 12
        },
        "dbi": {
          "mean": 0.36172274289300727,
          "std": 0.02471061966676085,
          "n": 12
        },
        "csr": {
          "mean": 0.006433566433566434,
          "std": 0.0024632860928992155,
          "n": 11
        },
        "ts": {
          "mean": 0.006997670348361126,
          "std": 0.004232037001220704,
          "n": 11
        }
      }
    },
    "kmeans": {
      "City-A": {
        "ari": {
          "mean": 0.3900800020618706,
          "std": 0.10006788539980062,
          "n": 12
        },
        "silhouette": {
          "mean": 0.40882886377692573,
          "std": 0.02005503919639524,
          "n": 12
        },
        "dbi": {
          "mean": 0.9367054049269808,
          "std": 0.04189309594842787,
          "n": 12
        },
        "csr": {
          "mean": 0.2615909090909091,
          "std": 0.06321365286938344,
          "n": 11
        },
        "ts": {
          "mean": 2.3483892542551157,
          "std": 0.5674901457262919,
          "n": 11
        }
      },
      "City-B": {
        "ari": {
          "mean": 0.7383272045696603,
          "std": 0.1545881915963787,
          "n": 12
        },
        "silhouette": {
          "mean": 0.5483929628386431,
          "std": 0.06143447664115106,
          "n": 12
        },
        "dbi": {
          "mean": 0.6179305711841592,
          "std": 0.09711169287884074,
          "n": 12
        },
        "csr": {
          "mean": 0.28527272727272723,
          "std": 0.18182249085802937,
          "n": 11
        },
        "ts": {
          "mean": 2.5609888722337284,
          "std": 1.6322814320909982,
          "n": 11
        }
      },
      "City-C": {
        "ari": {
          "mean": 0.5407243738502147,
          "std": 0.10057005930408787,
          "n": 12
        },
        "silhouette": {
          "mean": 0.4571813322044486,
          "std": 0.025424656338806025,
          "n": 12
        },
        "dbi": {
          "mean": 0.8505111665505517,
          "std": 0.05640216275442503,
          "n": 12
        },
        "csr": {
          "mean": 0.18993006993006994,
          "std": 0.11826629992388757,
          "n": 11
        },
        "ts": {
          "mean": 1.705065886401629,
          "std": 1.061716207367323,
          "n": 11
        }
      }
    }
  }
}