{
  "seeds": [
    42,
    43,
    44,
    45,
    46
  ],
  "stats": {
    "KMeans": {
      "ari": {
        "mean": 0.9935859911033734,
        "std": 1.1102230246251565e-16
      },
      "sc": {
        "mean": 0.5320901900315766,
        "std": 0.0
      },
      "dbi": {
        "mean": 0.651637358601827,
        "std": 8.599750569898517e-17
      },
      "csr": {
        "mean": 0.6524,
        "std": 0.21206565021238116
      }
    },
    "Spectral": {
      "ari": {
        "mean": 0.4570690083392318,
        "std": 0.08341339231352937
      },
      "sc": {
        "mean": 0.02298301008942798,
        "std": 0.03180940899528948
      },
      "dbi": {
        "mean": 1.4158889207082654,
        "std": 0.1028444386463785
      },
      "csr": {
        "mean": 0.7644000000000001,
        "std": 0.1616485075712114
      }
    },
    "Time2Graph": {
      "ari": {
        "mean": 0.47916854985201596,
        "std": 0.06467092774231069
      },
      "sc": {
        "mean": 0.2536632170761965,
        "std": 0.009459657523784994
      },
      "dbi": {
        "mean": 1.862402467937476,
        "std": 0.12380012937174774
      },
      "csr": {
        "mean": 0.7912,
        "std": 0.09169165719955115
      }
    },
    "EvolveGCN": {
      "ari": {
        "mean": 0.8966284175225919,
        "std": 0.09214616857011006
      },
      "sc": {
        "mean": 0.4748490314582668,
        "std": 0.046006814857126356
      },
      "dbi": {
        "mean": 0.767836380997032,
        "std": 0.07921907754525326
      },
      "csr": {
        "mean": 0.6784000000000001,
        "std": 0.048289129211448824
      }
    }
  }
}