{
  "seeds": [
    42,
    43,
    44,
    45,
    46
  ],
  "stats": {
    "KMeans": {
      "ari": {
        "mean": 0.597457162255509,
        "std": 0.01759465597135584
      },
      "sc": {
        "mean": 0.39055019789564993,
        "std": 0.001107846130356081
      },
      "dbi": {
        "mean": 0.9680367714514884,
        "std": 0.004404934715168361
      },
      "csr": {
        "mean": 0.7832,
        "std": 0.142899125259744
      }
    },
    "Spectral": {
      "ari": {
        "mean": 0.7182696963653948,
        "std": 0.03880188359075163
      },
      "sc": {
        "mean": 0.30070825885001373,
        "std": 0.00915214941737155
      },
      "dbi": {
        "mean": 1.1824135713962205,
        "std": 0.06681673801516443
      },
      "csr": {
        "mean": 0.808,
        "std": 0.1402340900066742
      }
    },
    "Time2Graph": {
      "ari": {
        "mean": 0.28904627994817644,
        "std": 0.043137862236999794
      },
      "sc": {
        "mean": 0.13432953099617198,
        "std": 0.01709953245736383
      },
      "dbi": {
        "mean": 3.707288392400303,
        "std": 0.45163610364599865
      },
      "csr": {
        "mean": 0.8156000000000001,
        "std": 0.07097492514966115
      }
    },
    "EvolveGCN": {
      "ari": {
        "mean": 0.5832444110196616,
        "std": 0.04672796063942069
      },
      "sc": {
        "mean": 0.3426243879941042,
        "std": 0.01760246127701674
      },
      "dbi": {
        "mean": 1.1298196749671965,
        "std": 0.0941647793231157
      },
      "csr": {
        "mean": 0.7524,
        "std": 0.11233806122592645
      }
    }
  }
}