{
  "seeds": [
    42,
    43,
    44,
    45,
    46
  ],
  "stats": {
    "KMeans": {
      "ari": {
        "mean": 0.6731013659429723,
        "std": 0.0014673972157701015
      },
      "sc": {
        "mean": 0.41978556724661364,
        "std": 0.0002800091660921129
      },
      "dbi": {
        "mean": 0.8526968238344279,
        "std": 0.0007281379903177574
      },
      "csr": {
        "mean": 0.866153846153846,
        "std": 0.12678640660342214
      }
    },
    "Spectral": {
      "ari": {
        "mean": 0.6497978638439063,
        "std": 0.041776321033775085
      },
      "sc": {
        "mean": 0.183197888290831,
        "std": 0.013139465958111878
      },
      "dbi": {
        "mean": 1.3942384259052623,
        "std": 0.12290875600031913
      },
      "csr": {
        "mean": 0.866153846153846,
        "std": 0.0940703501068789
      }
    },
    "Time2Graph": {
      "ari": {
        "mean": 0.2847950118678237,
        "std": 0.03612029122619415
      },
      "sc": {
        "mean": 0.1479071928787557,
        "std": 0.010828311204793151
      },
      "dbi": {
        "mean": 3.389112693936295,
        "std": 0.5898823449562126
      },
      "csr": {
        "mean": 0.828923076923077,
        "std": 0.02223915199949865
      }
    },
    "EvolveGCN": {
      "ari": {
        "mean": 0.687132659269271,
        "std": 0.022864856019186273
      },
      "sc": {
        "mean": 0.3467816795993356,
        "std": 0.038847708502644275
      },
      "dbi": {
        "mean": 1.089072748991307,
        "std": 0.13140202880980223
      },
      "csr": {
        "mean": 0.6658461538461539,
        "std": 0.20162041786339072
      }
    }
  }
}